<?xml version="1.0" encoding="UTF-8"?>
<con:soapui-project id="682e572e-da16-4412-8fbc-103f235d8008" activeEnvironment="Default" name="ABSA_Task1" resourceRoot="${projectDir}" soapui-version="5.5.0" abortOnError="false" runType="SEQUENTIAL" xmlns:con="http://eviware.com/soapui/config"><con:settings/><con:interface xsi:type="con:RestService" id="0cfe448c-5470-449f-a748-b425b3948b08" wadlVersion="http://wadl.dev.java.net/2009/02" name="https://dog.ceo" type="rest" xmlns:xsi="http://www.w3.org/2001/XMLSchema-instance"><con:settings/><con:definitionCache type="TEXT" rootPart=""/><con:endpoints><con:endpoint>https://dog.ceo</con:endpoint></con:endpoints><con:resource name="All" path="/api/breeds/list/all" id="62a25d0f-7886-451c-900d-af981e6186fc"><con:settings/><con:parameters/><con:method name="ListAllBreeds" id="0a047342-fafe-46f2-a84f-0d3142c7d41f" method="GET"><con:settings/><con:parameters/><con:representation type="RESPONSE"><con:mediaType>application/json</con:mediaType><con:status>200</con:status><con:params/><con:element xmlns:all="https://dog.ceo/api/breeds/list/all">all:Response</con:element></con:representation><con:request name="ListAllBreeds" id="06432f9d-ade6-43df-bc89-9c9cd783ca98" mediaType="application/json"><con:settings><con:setting id="com.eviware.soapui.impl.wsdl.WsdlRequest@request-headers">&lt;xml-fragment/></con:setting></con:settings><con:endpoint>https://dog.ceo</con:endpoint><con:request/><con:originalUri>https://dog.ceo/api/breeds/list/all</con:originalUri><con:credentials><con:authType>No Authorization</con:authType></con:credentials><con:jmsConfig JMSDeliveryMode="PERSISTENT"/><con:jmsPropertyConfig/><con:parameters/><con:parameterOrder/></con:request></con:method></con:resource></con:interface><con:interface xsi:type="con:RestService" id="88439066-732b-48d7-95bf-0818b72b82e1" wadlVersion="http://wadl.dev.java.net/2009/02" name="https://dog.ceo" type="rest" xmlns:xsi="http://www.w3.org/2001/XMLSchema-instance"><con:settings/><con:definitionCache/><con:endpoints><con:endpoint>https://dog.ceo</con:endpoint></con:endpoints><con:resource name="ListSubBreed" path="/api/breed/{breedName}/list" id="1d0d4aad-46dc-40a7-bde8-d87af342c9b5"><con:settings/><con:parameters><con:parameter><con:name>breedName</con:name><con:value/><con:style>TEMPLATE</con:style><con:default/><con:description xsi:nil="true"/></con:parameter></con:parameters><con:method name="ListSubBreed" id="cf666bf0-5fed-4c7c-ba68-b8ce80c12df8" method="GET"><con:settings/><con:parameters/><con:representation type="RESPONSE"><con:mediaType>application/json</con:mediaType><con:status>200</con:status><con:params/><con:element xmlns:list="https://dog.ceo/api/breed/retriever/list">list:Response</con:element></con:representation><con:request name="ListSubBreed" id="00dfbb12-07e7-4a43-869d-cfcdb72c9fb5" mediaType="application/json"><con:settings><con:setting id="com.eviware.soapui.impl.wsdl.WsdlRequest@request-headers">&lt;xml-fragment/></con:setting></con:settings><con:endpoint>https://dog.ceo</con:endpoint><con:request/><con:originalUri>https://dog.ceo/api/breed/retriever/list</con:originalUri><con:credentials><con:authType>No Authorization</con:authType></con:credentials><con:jmsConfig JMSDeliveryMode="PERSISTENT"/><con:jmsPropertyConfig/><con:parameters><entry key="breedName" value="Retriever" xmlns="http://eviware.com/soapui/config"/></con:parameters><con:parameterOrder><con:entry>breedName</con:entry></con:parameterOrder></con:request></con:method></con:resource></con:interface><con:interface xsi:type="con:RestService" id="d1cdece7-6e7c-4196-8b36-2f3e86c6eee0" wadlVersion="http://wadl.dev.java.net/2009/02" name="https://dog.ceo" type="rest" xmlns:xsi="http://www.w3.org/2001/XMLSchema-instance"><con:settings/><con:definitionCache type="TEXT" rootPart=""/><con:endpoints><con:endpoint>https://dog.ceo</con:endpoint></con:endpoints><con:resource name="RandomImage" path="/api/breed/{breedName}/{subBreedName}/images/random" id="9fda3888-aaae-43f5-a64b-2eff61a705ec"><con:settings/><con:parameters><con:parameter><con:name>breedName</con:name><con:value/><con:style>TEMPLATE</con:style><con:default/><con:description xsi:nil="true"/></con:parameter><con:parameter><con:name>subBreedName</con:name><con:value/><con:style>TEMPLATE</con:style><con:default/><con:description xsi:nil="true"/></con:parameter></con:parameters><con:method name="RandomImage" id="3f923437-7c81-4ed2-9f3c-381dc16078c8" method="GET"><con:settings/><con:parameters/><con:representation type="FAULT"><con:mediaType>application/json</con:mediaType><con:status>404</con:status><con:params/><con:element xmlns:ran="https://dog.ceo/api/breed/retreiver/golden/images/random">ran:Fault</con:element></con:representation><con:representation type="RESPONSE"><con:mediaType>application/json</con:mediaType><con:status>200</con:status><con:params/><con:element xmlns:ran="https://dog.ceo/api/breed/retreiver/golden/images/random">ran:Response</con:element></con:representation><con:request name="RandomImage" id="69045015-e59d-4cb4-9af6-0d33b7ad51ea" mediaType="application/json"><con:settings><con:setting id="com.eviware.soapui.impl.wsdl.WsdlRequest@request-headers">&lt;xml-fragment/></con:setting></con:settings><con:endpoint>https://dog.ceo</con:endpoint><con:request/><con:originalUri>https://dog.ceo/api/breed/retreiver/golden/images/random</con:originalUri><con:credentials><con:authType>No Authorization</con:authType></con:credentials><con:jmsConfig JMSDeliveryMode="PERSISTENT"/><con:jmsPropertyConfig/><con:parameters>
  <con:entry key="subBreedName" value="golden"/>
  <con:entry key="breedName" value="retriever"/>
</con:parameters><con:parameterOrder><con:entry>breedName</con:entry><con:entry>subBreedName</con:entry></con:parameterOrder></con:request></con:method></con:resource></con:interface><con:testSuite id="01a7f02b-af84-463d-b103-2472c35d4e75" name="Dog-Breeds"><con:settings/><con:runType>SEQUENTIAL</con:runType><con:testCase id="d3fe81ed-675e-4df4-83e9-979cbe1f4268" failOnError="true" failTestCaseOnErrors="true" keepSession="false" maxResults="0" name="ListAll" searchProperties="true"><con:settings/><con:testStep type="restrequest" name="DogBreeds - ListAllBreeds" id="757551f1-791a-4c1f-9d0c-93942e541bb0"><con:settings/><con:config service="https://dog.ceo" resourcePath="/api/breeds/list/all" methodName="ListAllBreeds" xsi:type="con:RestRequestStep" xmlns:xsi="http://www.w3.org/2001/XMLSchema-instance"><con:restRequest name="DogBreeds - ListAllBreeds" id="06432f9d-ade6-43df-bc89-9c9cd783ca98" mediaType="application/json"><con:settings><con:setting id="com.eviware.soapui.impl.wsdl.WsdlRequest@request-headers">&lt;xml-fragment/></con:setting></con:settings><con:endpoint>https://dog.ceo</con:endpoint><con:request/><con:originalUri>https://dog.ceo/api/breeds/list/all</con:originalUri><con:assertion type="GroovyScriptAssertion" id="308ab45e-d9a1-478d-abdc-980107cb1203" name="Script Assertion"><con:configuration><scriptText>// Check if breed exists in list

// Method 1
// def breedName = "retriever"
// assert messageExchange.response.responseContent.contains(breedName)

// Method 2
import groovy.json.JsonSlurper
def breedName = "retriever" 
def responseMessage = messageExchange.response.responseContent
def jsonNodes = new JsonSlurper().parseText(responseMessage)
// log.info jsonNodes.message.toString().contains(breedName)
assert jsonNodes.message.toString().contains(breedName)</scriptText></con:configuration></con:assertion><con:credentials><con:authType>No Authorization</con:authType></con:credentials><con:jmsConfig JMSDeliveryMode="PERSISTENT"/><con:jmsPropertyConfig/><con:parameters/><con:parameterOrder/></con:restRequest></con:config></con:testStep><con:testStep type="restrequest" name="DogBreeds-ListSubBreed" id="76de87d3-013f-454f-b21a-64658eabc7a2"><con:settings/><con:config service="https://dog.ceo" resourcePath="/api/breed/{breedName}/list" methodName="ListSubBreed" xsi:type="con:RestRequestStep" xmlns:xsi="http://www.w3.org/2001/XMLSchema-instance"><con:restRequest name="DogBreeds-ListSubBreed" id="00dfbb12-07e7-4a43-869d-cfcdb72c9fb5" mediaType="application/json"><con:settings><con:setting id="com.eviware.soapui.impl.wsdl.WsdlRequest@request-headers">&lt;xml-fragment/></con:setting></con:settings><con:endpoint>https://dog.ceo</con:endpoint><con:request/><con:originalUri>https://dog.ceo/api/breed/retriever/list</con:originalUri><con:credentials><con:authType>No Authorization</con:authType></con:credentials><con:jmsConfig JMSDeliveryMode="PERSISTENT"/><con:jmsPropertyConfig/><con:parameters><entry key="breedName" value="Retriever" xmlns="http://eviware.com/soapui/config"/></con:parameters><con:parameterOrder><con:entry>breedName</con:entry></con:parameterOrder></con:restRequest></con:config></con:testStep><con:testStep type="restrequest" name="SubBreed-RandomImage" id="3acf34e1-3899-4cf4-8f5b-3c4735a6e0e7"><con:settings/><con:config service="https://dog.ceo" resourcePath="/api/breed/{breedName}/{subBreedName}/images/random" methodName="RandomImage" xsi:type="con:RestRequestStep" xmlns:xsi="http://www.w3.org/2001/XMLSchema-instance"><con:restRequest name="SubBreed-RandomImage" id="69045015-e59d-4cb4-9af6-0d33b7ad51ea" mediaType="application/json"><con:settings><con:setting id="com.eviware.soapui.impl.wsdl.WsdlRequest@request-headers">&lt;xml-fragment/></con:setting></con:settings><con:endpoint>https://dog.ceo</con:endpoint><con:request/><con:originalUri>https://dog.ceo/api/breed/retreiver/golden/images/random</con:originalUri><con:credentials><con:authType>No Authorization</con:authType></con:credentials><con:jmsConfig JMSDeliveryMode="PERSISTENT"/><con:jmsPropertyConfig/><con:parameters>
  <con:entry key="subBreedName" value="golden"/>
  <con:entry key="breedName" value="retriever"/>
</con:parameters><con:parameterOrder><con:entry>breedName</con:entry><con:entry>subBreedName</con:entry></con:parameterOrder></con:restRequest></con:config></con:testStep><con:properties/></con:testCase><con:properties/></con:testSuite><con:properties/><con:wssContainer/><con:oAuth2ProfileContainer/><con:oAuth1ProfileContainer/></con:soapui-project>